"","Area","Region","PrimaryColonizer","Year","RailDensity(kmTrack/100sqkmLand)"
"1","Albania","Europe",NA,"2000","1.5"
"2","Albania","Europe",NA,"2001","1.6"
"3","Albania","Europe",NA,"2002","1.6"
"4","Albania","Europe",NA,"2003","1.6"
"5","Albania","Europe",NA,"2004","1.6"
"6","Albania","Europe",NA,"2005","1.5"
"7","Albania","Europe",NA,"2006","1.5"
"8","Albania","Europe",NA,"2007","1.5"
"9","Albania","Europe",NA,"2008","1.5"
"10","Albania","Europe",NA,"2009","1.5"
"11","Albania","Europe",NA,"2010",""
"12","Albania","Europe",NA,"2011",""
"13","Albania","Europe",NA,"2012",""
"14","Albania","Europe",NA,"2013",""
"15","Albania","Europe",NA,"2014",""
"16","Albania","Europe",NA,"2015",""
"17","Albania","Europe",NA,"2016",""
"18","Albania","Europe",NA,"2017",""
"19","Albania","Europe",NA,"2018",""
"20","Albania","Europe",NA,"2019",""
"21","Albania","Europe",NA,"2020",""
"22","Albania","Europe",NA,"2021",""
"23","Albania","Europe",NA,"2022",""
"24","Algeria","Africa","France","2000","0.2"
"25","Algeria","Africa","France","2001","0.1"
"26","Algeria","Africa","France","2002","0.1"
"27","Algeria","Africa","France","2003","0.1"
"28","Algeria","Africa","France","2004","0.1"
"29","Algeria","Africa","France","2005","0.1"
"30","Algeria","Africa","France","2006","0.1"
"31","Algeria","Africa","France","2007","0.1"
"32","Algeria","Africa","France","2008","0.1"
"33","Algeria","Africa","France","2009","0.2"
"34","Algeria","Africa","France","2010","0.2"
"35","Algeria","Africa","France","2011","0.2"
"36","Algeria","Africa","France","2012","0.2"
"37","Algeria","Africa","France","2013",""
"38","Algeria","Africa","France","2014","0.2"
"39","Algeria","Africa","France","2015","0.2"
"40","Algeria","Africa","France","2016","0.2"
"41","Algeria","Africa","France","2017","0.2"
"42","Algeria","Africa","France","2018","0.2"
"43","Algeria","Africa","France","2019","0.2"
"44","Algeria","Africa","France","2020",""
"45","Algeria","Africa","France","2021",""
"46","Algeria","Africa","France","2022",""
"47","Austria","Europe",NA,"2000","6.8"
"48","Austria","Europe",NA,"2001","6.8"
"49","Austria","Europe",NA,"2002","6.9"
"50","Austria","Europe",NA,"2003","6.9"
"51","Austria","Europe",NA,"2004","6.9"
"52","Austria","Europe",NA,"2005","6.9"
"53","Austria","Europe",NA,"2006","6.9"
"54","Austria","Europe",NA,"2007","6.9"
"55","Austria","Europe",NA,"2008","6.9"
"56","Austria","Europe",NA,"2009","6.4"
"57","Austria","Europe",NA,"2010","6.4"
"58","Austria","Europe",NA,"2011","5.9"
"59","Austria","Europe",NA,"2012","5.9"
"60","Austria","Europe",NA,"2013","5.9"
"61","Austria","Europe",NA,"2014","5.9"
"62","Austria","Europe",NA,"2015","5.9"
"63","Austria","Europe",NA,"2016","5.9"
"64","Austria","Europe",NA,"2017","5.9"
"65","Austria","Europe",NA,"2018","5.9"
"66","Austria","Europe",NA,"2019","5.9"
"67","Austria","Europe",NA,"2020","5.9"
"68","Austria","Europe",NA,"2021",""
"69","Austria","Europe",NA,"2022",""
"70","Belarus","Europe",NA,"2000","2.7"
"71","Belarus","Europe",NA,"2001","2.7"
"72","Belarus","Europe",NA,"2002","2.7"
"73","Belarus","Europe",NA,"2003","2.7"
"74","Belarus","Europe",NA,"2004","2.6"
"75","Belarus","Europe",NA,"2005","2.6"
"76","Belarus","Europe",NA,"2006","2.6"
"77","Belarus","Europe",NA,"2007","2.6"
"78","Belarus","Europe",NA,"2008","2.6"
"79","Belarus","Europe",NA,"2009","2.6"
"80","Belarus","Europe",NA,"2010","2.6"
"81","Belarus","Europe",NA,"2011","2.6"
"82","Belarus","Europe",NA,"2012","2.6"
"83","Belarus","Europe",NA,"2013","2.6"
"84","Belarus","Europe",NA,"2014","2.6"
"85","Belarus","Europe",NA,"2015","2.6"
"86","Belarus","Europe",NA,"2016","2.6"
"87","Belarus","Europe",NA,"2017","2.6"
"88","Belarus","Europe",NA,"2018","2.6"
"89","Belarus","Europe",NA,"2019","2.6"
"90","Belarus","Europe",NA,"2020","2.6"
"91","Belarus","Europe",NA,"2021",""
"92","Belarus","Europe",NA,"2022",""
"93","Belgium","Europe",NA,"2000","11.4"
"94","Belgium","Europe",NA,"2001","11.3"
"95","Belgium","Europe",NA,"2002","11.5"
"96","Belgium","Europe",NA,"2003","11.5"
"97","Belgium","Europe",NA,"2004","11.6"
"98","Belgium","Europe",NA,"2005","11.6"
"99","Belgium","Europe",NA,"2006","11.5"
"100","Belgium","Europe",NA,"2007","11.1"
"101","Belgium","Europe",NA,"2008","11.5"
"102","Belgium","Europe",NA,"2009","11.7"
"103","Belgium","Europe",NA,"2010","11.7"
"104","Belgium","Europe",NA,"2011",""
"105","Belgium","Europe",NA,"2012","11.8"
"106","Belgium","Europe",NA,"2013",""
"107","Belgium","Europe",NA,"2014","11.9"
"108","Belgium","Europe",NA,"2015","11.8"
"109","Belgium","Europe",NA,"2016","11.8"
"110","Belgium","Europe",NA,"2017","11.8"
"111","Belgium","Europe",NA,"2018","11.8"
"112","Belgium","Europe",NA,"2019","11.8"
"113","Belgium","Europe",NA,"2020","11.8"
"114","Belgium","Europe",NA,"2021",""
"115","Belgium","Europe",NA,"2022",""
"116","Benin","Africa","France","2000",""
"117","Benin","Africa","France","2001",""
"118","Benin","Africa","France","2002",""
"119","Benin","Africa","France","2003","0.4"
"120","Benin","Africa","France","2004",""
"121","Benin","Africa","France","2005",""
"122","Benin","Africa","France","2006","0.7"
"123","Benin","Africa","France","2007",""
"124","Benin","Africa","France","2008",""
"125","Benin","Africa","France","2009",""
"126","Benin","Africa","France","2010",""
"127","Benin","Africa","France","2011",""
"128","Benin","Africa","France","2012",""
"129","Benin","Africa","France","2013",""
"130","Benin","Africa","France","2014",""
"131","Benin","Africa","France","2015",""
"132","Benin","Africa","France","2016",""
"133","Benin","Africa","France","2017",""
"134","Benin","Africa","France","2018",""
"135","Benin","Africa","France","2019",""
"136","Benin","Africa","France","2020",""
"137","Benin","Africa","France","2021",""
"138","Benin","Africa","France","2022",""
"139","Bosnia and Herzegovina","Europe",NA,"2000","1.8"
"140","Bosnia and Herzegovina","Europe",NA,"2001","2"
"141","Bosnia and Herzegovina","Europe",NA,"2002","2"
"142","Bosnia and Herzegovina","Europe",NA,"2003","2"
"143","Bosnia and Herzegovina","Europe",NA,"2004","2"
"144","Bosnia and Herzegovina","Europe",NA,"2005","2"
"145","Bosnia and Herzegovina","Europe",NA,"2006","2"
"146","Bosnia and Herzegovina","Europe",NA,"2007","2"
"147","Bosnia and Herzegovina","Europe",NA,"2008","2"
"148","Bosnia and Herzegovina","Europe",NA,"2009","2"
"149","Bosnia and Herzegovina","Europe",NA,"2010","2"
"150","Bosnia and Herzegovina","Europe",NA,"2011","2"
"151","Bosnia and Herzegovina","Europe",NA,"2012","2"
"152","Bosnia and Herzegovina","Europe",NA,"2013","2"
"153","Bosnia and Herzegovina","Europe",NA,"2014","2"
"154","Bosnia and Herzegovina","Europe",NA,"2015","2"
"155","Bosnia and Herzegovina","Europe",NA,"2016","2"
"156","Bosnia and Herzegovina","Europe",NA,"2017","0.8"
"157","Bosnia and Herzegovina","Europe",NA,"2018","2"
"158","Bosnia and Herzegovina","Europe",NA,"2019","2"
"159","Bosnia and Herzegovina","Europe",NA,"2020",""
"160","Bosnia and Herzegovina","Europe",NA,"2021",""
"161","Bosnia and Herzegovina","Europe",NA,"2022",""
"162","Botswana","Africa","United Kingdom of Great Britain and Northern Ireland","2000",""
"163","Botswana","Africa","United Kingdom of Great Britain and Northern Ireland","2001",""
"164","Botswana","Africa","United Kingdom of Great Britain and Northern Ireland","2002",""
"165","Botswana","Africa","United Kingdom of Great Britain and Northern Ireland","2003",""
"166","Botswana","Africa","United Kingdom of Great Britain and Northern Ireland","2004",""
"167","Botswana","Africa","United Kingdom of Great Britain and Northern Ireland","2005",""
"168","Botswana","Africa","United Kingdom of Great Britain and Northern Ireland","2006","0.2"
"169","Botswana","Africa","United Kingdom of Great Britain and Northern Ireland","2007","0.2"
"170","Botswana","Africa","United Kingdom of Great Britain and Northern Ireland","2008",""
"171","Botswana","Africa","United Kingdom of Great Britain and Northern Ireland","2009",""
"172","Botswana","Africa","United Kingdom of Great Britain and Northern Ireland","2010",""
"173","Botswana","Africa","United Kingdom of Great Britain and Northern Ireland","2011",""
"174","Botswana","Africa","United Kingdom of Great Britain and Northern Ireland","2012",""
"175","Botswana","Africa","United Kingdom of Great Britain and Northern Ireland","2013",""
"176","Botswana","Africa","United Kingdom of Great Britain and Northern Ireland","2014",""
"177","Botswana","Africa","United Kingdom of Great Britain and Northern Ireland","2015","0.2"
"178","Botswana","Africa","United Kingdom of Great Britain and Northern Ireland","2016","0.2"
"179","Botswana","Africa","United Kingdom of Great Britain and Northern Ireland","2017","0.2"
"180","Botswana","Africa","United Kingdom of Great Britain and Northern Ireland","2018","0.2"
"181","Botswana","Africa","United Kingdom of Great Britain and Northern Ireland","2019","0.2"
"182","Botswana","Africa","United Kingdom of Great Britain and Northern Ireland","2020","0.2"
"183","Botswana","Africa","United Kingdom of Great Britain and Northern Ireland","2021",""
"184","Botswana","Africa","United Kingdom of Great Britain and Northern Ireland","2022",""
"185","Bulgaria","Europe",NA,"2000","3.9"
"186","Bulgaria","Europe",NA,"2001","3.9"
"187","Bulgaria","Europe",NA,"2002","3.9"
"188","Bulgaria","Europe",NA,"2003","3.9"
"189","Bulgaria","Europe",NA,"2004","3.8"
"190","Bulgaria","Europe",NA,"2005","3.7"
"191","Bulgaria","Europe",NA,"2006","3.7"
"192","Bulgaria","Europe",NA,"2007","3.7"
"193","Bulgaria","Europe",NA,"2008","3.7"
"194","Bulgaria","Europe",NA,"2009","3.7"
"195","Bulgaria","Europe",NA,"2010","3.7"
"196","Bulgaria","Europe",NA,"2011","3.7"
"197","Bulgaria","Europe",NA,"2012","3.7"
"198","Bulgaria","Europe",NA,"2013","3.6"
"199","Bulgaria","Europe",NA,"2014","3.6"
"200","Bulgaria","Europe",NA,"2015","3.6"
"201","Bulgaria","Europe",NA,"2016","3.6"
"202","Bulgaria","Europe",NA,"2017","3.6"
"203","Bulgaria","Europe",NA,"2018","3.6"
"204","Bulgaria","Europe",NA,"2019","3.6"
"205","Bulgaria","Europe",NA,"2020","3.6"
"206","Bulgaria","Europe",NA,"2021",""
"207","Bulgaria","Europe",NA,"2022",""
"208","Burkina Faso","Africa","France","2000","0.2"
"209","Burkina Faso","Africa","France","2001","0.2"
"210","Burkina Faso","Africa","France","2002","0.2"
"211","Burkina Faso","Africa","France","2003","0.2"
"212","Burkina Faso","Africa","France","2004","0.2"
"213","Burkina Faso","Africa","France","2005","0.2"
"214","Burkina Faso","Africa","France","2006","0.2"
"215","Burkina Faso","Africa","France","2007","0.2"
"216","Burkina Faso","Africa","France","2008","0.2"
"217","Burkina Faso","Africa","France","2009","0.2"
"218","Burkina Faso","Africa","France","2010",""
"219","Burkina Faso","Africa","France","2011",""
"220","Burkina Faso","Africa","France","2012",""
"221","Burkina Faso","Africa","France","2013","0.2"
"222","Burkina Faso","Africa","France","2014","0.2"
"223","Burkina Faso","Africa","France","2015","0.2"
"224","Burkina Faso","Africa","France","2016","0.2"
"225","Burkina Faso","Africa","France","2017","0.2"
"226","Burkina Faso","Africa","France","2018","0.2"
"227","Burkina Faso","Africa","France","2019","0.2"
"228","Burkina Faso","Africa","France","2020","0.2"
"229","Burkina Faso","Africa","France","2021",""
"230","Burkina Faso","Africa","France","2022",""
"231","Cameroon","Africa","France","2000","0.2"
"232","Cameroon","Africa","France","2001","0.2"
"233","Cameroon","Africa","France","2002","0.2"
"234","Cameroon","Africa","France","2003","0.2"
"235","Cameroon","Africa","France","2004","0.2"
"236","Cameroon","Africa","France","2005","0.2"
"237","Cameroon","Africa","France","2006","0.2"
"238","Cameroon","Africa","France","2007","0.2"
"239","Cameroon","Africa","France","2008","0.2"
"240","Cameroon","Africa","France","2009","0.2"
"241","Cameroon","Africa","France","2010","0.2"
"242","Cameroon","Africa","France","2011","0.2"
"243","Cameroon","Africa","France","2012",""
"244","Cameroon","Africa","France","2013",""
"245","Cameroon","Africa","France","2014",""
"246","Cameroon","Africa","France","2015",""
"247","Cameroon","Africa","France","2016","0.2"
"248","Cameroon","Africa","France","2017","0.2"
"249","Cameroon","Africa","France","2018","0.2"
"250","Cameroon","Africa","France","2019","0.2"
"251","Cameroon","Africa","France","2020","0.2"
"252","Cameroon","Africa","France","2021",""
"253","Cameroon","Africa","France","2022",""
"254","Congo","Africa","France","2000","0.3"
"255","Congo","Africa","France","2001","0.3"
"256","Congo","Africa","France","2002","0.3"
"257","Congo","Africa","France","2003","0.2"
"258","Congo","Africa","France","2004","0.2"
"259","Congo","Africa","France","2005","0.2"
"260","Congo","Africa","France","2006","0.2"
"261","Congo","Africa","France","2007",""
"262","Congo","Africa","France","2008",""
"263","Congo","Africa","France","2009",""
"264","Congo","Africa","France","2010",""
"265","Congo","Africa","France","2011",""
"266","Congo","Africa","France","2012","0.3"
"267","Congo","Africa","France","2013",""
"268","Congo","Africa","France","2014",""
"269","Congo","Africa","France","2015",""
"270","Congo","Africa","France","2016",""
"271","Congo","Africa","France","2017",""
"272","Congo","Africa","France","2018",""
"273","Congo","Africa","France","2019",""
"274","Congo","Africa","France","2020",""
"275","Congo","Africa","France","2021",""
"276","Congo","Africa","France","2022",""
"277","Cote d'Ivoire","Africa","France","2000","0.2"
"278","Cote d'Ivoire","Africa","France","2001","0.2"
"279","Cote d'Ivoire","Africa","France","2002","0.2"
"280","Cote d'Ivoire","Africa","France","2003","0.2"
"281","Cote d'Ivoire","Africa","France","2004","0.2"
"282","Cote d'Ivoire","Africa","France","2005","0.2"
"283","Cote d'Ivoire","Africa","France","2006","0.2"
"284","Cote d'Ivoire","Africa","France","2007","0.2"
"285","Cote d'Ivoire","Africa","France","2008","0.2"
"286","Cote d'Ivoire","Africa","France","2009","0.2"
"287","Cote d'Ivoire","Africa","France","2010","0.2"
"288","Cote d'Ivoire","Africa","France","2011","0.2"
"289","Cote d'Ivoire","Africa","France","2012","0.2"
"290","Cote d'Ivoire","Africa","France","2013","0.2"
"291","Cote d'Ivoire","Africa","France","2014","0.2"
"292","Cote d'Ivoire","Africa","France","2015","0.2"
"293","Cote d'Ivoire","Africa","France","2016","0.2"
"294","Cote d'Ivoire","Africa","France","2017","0.2"
"295","Cote d'Ivoire","Africa","France","2018","0.2"
"296","Cote d'Ivoire","Africa","France","2019","0.2"
"297","Cote d'Ivoire","Africa","France","2020","0.2"
"298","Cote d'Ivoire","Africa","France","2021",""
"299","Cote d'Ivoire","Africa","France","2022",""
"300","Croatia","Europe",NA,"2000","4.8"
"301","Croatia","Europe",NA,"2001","4.8"
"302","Croatia","Europe",NA,"2002","4.8"
"303","Croatia","Europe",NA,"2003","4.8"
"304","Croatia","Europe",NA,"2004","4.8"
"305","Croatia","Europe",NA,"2005","4.8"
"306","Croatia","Europe",NA,"2006","4.8"
"307","Croatia","Europe",NA,"2007","4.8"
"308","Croatia","Europe",NA,"2008","4.8"
"309","Croatia","Europe",NA,"2009","4.8"
"310","Croatia","Europe",NA,"2010","4.8"
"311","Croatia","Europe",NA,"2011","4.8"
"312","Croatia","Europe",NA,"2012","4.8"
"313","Croatia","Europe",NA,"2013","3.1"
"314","Croatia","Europe",NA,"2014","3"
"315","Croatia","Europe",NA,"2015","3"
"316","Croatia","Europe",NA,"2016","3"
"317","Croatia","Europe",NA,"2017","3"
"318","Croatia","Europe",NA,"2018","3"
"319","Croatia","Europe",NA,"2019","3"
"320","Croatia","Europe",NA,"2020","3"
"321","Croatia","Europe",NA,"2021",""
"322","Croatia","Europe",NA,"2022",""
"323","Czechia","Europe",NA,"2000","11.9"
"324","Czechia","Europe",NA,"2001","12"
"325","Czechia","Europe",NA,"2002","12"
"326","Czechia","Europe",NA,"2003","12"
"327","Czechia","Europe",NA,"2004","12.1"
"328","Czechia","Europe",NA,"2005","12.1"
"329","Czechia","Europe",NA,"2006","12"
"330","Czechia","Europe",NA,"2007","12"
"331","Czechia","Europe",NA,"2008","12"
"332","Czechia","Europe",NA,"2009","12"
"333","Czechia","Europe",NA,"2010","12"
"334","Czechia","Europe",NA,"2011","12"
"335","Czechia","Europe",NA,"2012","12"
"336","Czechia","Europe",NA,"2013","12"
"337","Czechia","Europe",NA,"2014","12"
"338","Czechia","Europe",NA,"2015","12"
"339","Czechia","Europe",NA,"2016","12"
"340","Czechia","Europe",NA,"2017","11.9"
"341","Czechia","Europe",NA,"2018","11.9"
"342","Czechia","Europe",NA,"2019","11.9"
"343","Czechia","Europe",NA,"2020","11.9"
"344","Czechia","Europe",NA,"2021",""
"345","Czechia","Europe",NA,"2022",""
"346","Democratic Republic of the Congo","Africa","Belgium","2000","0.2"
"347","Democratic Republic of the Congo","Africa","Belgium","2001","0.2"
"348","Democratic Republic of the Congo","Africa","Belgium","2002","0.2"
"349","Democratic Republic of the Congo","Africa","Belgium","2003","0.2"
"350","Democratic Republic of the Congo","Africa","Belgium","2004","0.2"
"351","Democratic Republic of the Congo","Africa","Belgium","2005","0.2"
"352","Democratic Republic of the Congo","Africa","Belgium","2006","0.2"
"353","Democratic Republic of the Congo","Africa","Belgium","2007","0.2"
"354","Democratic Republic of the Congo","Africa","Belgium","2008","0.2"
"355","Democratic Republic of the Congo","Africa","Belgium","2009","0.2"
"356","Democratic Republic of the Congo","Africa","Belgium","2010","0.2"
"357","Democratic Republic of the Congo","Africa","Belgium","2011","0.2"
"358","Democratic Republic of the Congo","Africa","Belgium","2012","0.2"
"359","Democratic Republic of the Congo","Africa","Belgium","2013","0.2"
"360","Democratic Republic of the Congo","Africa","Belgium","2014","0.2"
"361","Democratic Republic of the Congo","Africa","Belgium","2015","0.2"
"362","Democratic Republic of the Congo","Africa","Belgium","2016","0.2"
"363","Democratic Republic of the Congo","Africa","Belgium","2017","0.2"
"364","Democratic Republic of the Congo","Africa","Belgium","2018","0.2"
"365","Democratic Republic of the Congo","Africa","Belgium","2019","0.2"
"366","Democratic Republic of the Congo","Africa","Belgium","2020","0.2"
"367","Democratic Republic of the Congo","Africa","Belgium","2021",""
"368","Democratic Republic of the Congo","Africa","Belgium","2022",""
"369","Denmark","Europe",NA,"2000","4.8"
"370","Denmark","Europe",NA,"2001","4.8"
"371","Denmark","Europe",NA,"2002","5.3"
"372","Denmark","Europe",NA,"2003","5.3"
"373","Denmark","Europe",NA,"2004","5.2"
"374","Denmark","Europe",NA,"2005","5"
"375","Denmark","Europe",NA,"2006","5"
"376","Denmark","Europe",NA,"2007","5"
"377","Denmark","Europe",NA,"2008","5"
"378","Denmark","Europe",NA,"2009","5"
"379","Denmark","Europe",NA,"2010",""
"380","Denmark","Europe",NA,"2011",""
"381","Denmark","Europe",NA,"2012",""
"382","Denmark","Europe",NA,"2013",""
"383","Denmark","Europe",NA,"2014",""
"384","Denmark","Europe",NA,"2015",""
"385","Denmark","Europe",NA,"2016",""
"386","Denmark","Europe",NA,"2017",""
"387","Denmark","Europe",NA,"2018",""
"388","Denmark","Europe",NA,"2019",""
"389","Denmark","Europe",NA,"2020",""
"390","Denmark","Europe",NA,"2021",""
"391","Denmark","Europe",NA,"2022",""
"392","Djibouti","Africa","France","2000","3.4"
"393","Djibouti","Africa","France","2001","3.4"
"394","Djibouti","Africa","France","2002","3.4"
"395","Djibouti","Africa","France","2003","3.4"
"396","Djibouti","Africa","France","2004",""
"397","Djibouti","Africa","France","2005",""
"398","Djibouti","Africa","France","2006",""
"399","Djibouti","Africa","France","2007",""
"400","Djibouti","Africa","France","2008",""
"401","Djibouti","Africa","France","2009",""
"402","Djibouti","Africa","France","2010",""
"403","Djibouti","Africa","France","2011",""
"404","Djibouti","Africa","France","2012",""
"405","Djibouti","Africa","France","2013",""
"406","Djibouti","Africa","France","2014",""
"407","Djibouti","Africa","France","2015",""
"408","Djibouti","Africa","France","2016",""
"409","Djibouti","Africa","France","2017",""
"410","Djibouti","Africa","France","2018",""
"411","Djibouti","Africa","France","2019",""
"412","Djibouti","Africa","France","2020",""
"413","Djibouti","Africa","France","2021",""
"414","Djibouti","Africa","France","2022",""
"415","Egypt","Africa","United Kingdom of Great Britain and Northern Ireland","2000","0.5"
"416","Egypt","Africa","United Kingdom of Great Britain and Northern Ireland","2001","0.5"
"417","Egypt","Africa","United Kingdom of Great Britain and Northern Ireland","2002","0.5"
"418","Egypt","Africa","United Kingdom of Great Britain and Northern Ireland","2003","0.5"
"419","Egypt","Africa","United Kingdom of Great Britain and Northern Ireland","2004","0.5"
"420","Egypt","Africa","United Kingdom of Great Britain and Northern Ireland","2005","0.5"
"421","Egypt","Africa","United Kingdom of Great Britain and Northern Ireland","2006","0.5"
"422","Egypt","Africa","United Kingdom of Great Britain and Northern Ireland","2007","0.5"
"423","Egypt","Africa","United Kingdom of Great Britain and Northern Ireland","2008","0.5"
"424","Egypt","Africa","United Kingdom of Great Britain and Northern Ireland","2009","0.5"
"425","Egypt","Africa","United Kingdom of Great Britain and Northern Ireland","2010","0.5"
"426","Egypt","Africa","United Kingdom of Great Britain and Northern Ireland","2011",""
"427","Egypt","Africa","United Kingdom of Great Britain and Northern Ireland","2012",""
"428","Egypt","Africa","United Kingdom of Great Britain and Northern Ireland","2013",""
"429","Egypt","Africa","United Kingdom of Great Britain and Northern Ireland","2014",""
"430","Egypt","Africa","United Kingdom of Great Britain and Northern Ireland","2015","0.5"
"431","Egypt","Africa","United Kingdom of Great Britain and Northern Ireland","2016","0.5"
"432","Egypt","Africa","United Kingdom of Great Britain and Northern Ireland","2017",""
"433","Egypt","Africa","United Kingdom of Great Britain and Northern Ireland","2018",""
"434","Egypt","Africa","United Kingdom of Great Britain and Northern Ireland","2019",""
"435","Egypt","Africa","United Kingdom of Great Britain and Northern Ireland","2020",""
"436","Egypt","Africa","United Kingdom of Great Britain and Northern Ireland","2021",""
"437","Egypt","Africa","United Kingdom of Great Britain and Northern Ireland","2022",""
"438","Estonia","Europe",NA,"2000","2.1"
"439","Estonia","Europe",NA,"2001","2.1"
"440","Estonia","Europe",NA,"2002","2.1"
"441","Estonia","Europe",NA,"2003","2.1"
"442","Estonia","Europe",NA,"2004","2.1"
"443","Estonia","Europe",NA,"2005","2.1"
"444","Estonia","Europe",NA,"2006","2.1"
"445","Estonia","Europe",NA,"2007","1.8"
"446","Estonia","Europe",NA,"2008","1.8"
"447","Estonia","Europe",NA,"2009","1.8"
"448","Estonia","Europe",NA,"2010","1.7"
"449","Estonia","Europe",NA,"2011","1.8"
"450","Estonia","Europe",NA,"2012","1.8"
"451","Estonia","Europe",NA,"2013",""
"452","Estonia","Europe",NA,"2014","2.2"
"453","Estonia","Europe",NA,"2015","2.3"
"454","Estonia","Europe",NA,"2016","2.3"
"455","Estonia","Europe",NA,"2017","2.3"
"456","Estonia","Europe",NA,"2018",""
"457","Estonia","Europe",NA,"2019",""
"458","Estonia","Europe",NA,"2020",""
"459","Estonia","Europe",NA,"2021",""
"460","Estonia","Europe",NA,"2022",""
"461","Eswatini","Africa","United Kingdom of Great Britain and Northern Ireland","2000",""
"462","Eswatini","Africa","United Kingdom of Great Britain and Northern Ireland","2001",""
"463","Eswatini","Africa","United Kingdom of Great Britain and Northern Ireland","2002","1.7"
"464","Eswatini","Africa","United Kingdom of Great Britain and Northern Ireland","2003","1.7"
"465","Eswatini","Africa","United Kingdom of Great Britain and Northern Ireland","2004","1.7"
"466","Eswatini","Africa","United Kingdom of Great Britain and Northern Ireland","2005","1.7"
"467","Eswatini","Africa","United Kingdom of Great Britain and Northern Ireland","2006","1.7"
"468","Eswatini","Africa","United Kingdom of Great Britain and Northern Ireland","2007","1.7"
"469","Eswatini","Africa","United Kingdom of Great Britain and Northern Ireland","2008","1.7"
"470","Eswatini","Africa","United Kingdom of Great Britain and Northern Ireland","2009","1.7"
"471","Eswatini","Africa","United Kingdom of Great Britain and Northern Ireland","2010","1.7"
"472","Eswatini","Africa","United Kingdom of Great Britain and Northern Ireland","2011","1.7"
"473","Eswatini","Africa","United Kingdom of Great Britain and Northern Ireland","2012",""
"474","Eswatini","Africa","United Kingdom of Great Britain and Northern Ireland","2013",""
"475","Eswatini","Africa","United Kingdom of Great Britain and Northern Ireland","2014",""
"476","Eswatini","Africa","United Kingdom of Great Britain and Northern Ireland","2015",""
"477","Eswatini","Africa","United Kingdom of Great Britain and Northern Ireland","2016",""
"478","Eswatini","Africa","United Kingdom of Great Britain and Northern Ireland","2017",""
"479","Eswatini","Africa","United Kingdom of Great Britain and Northern Ireland","2018",""
"480","Eswatini","Africa","United Kingdom of Great Britain and Northern Ireland","2019",""
"481","Eswatini","Africa","United Kingdom of Great Britain and Northern Ireland","2020",""
"482","Eswatini","Africa","United Kingdom of Great Britain and Northern Ireland","2021",""
"483","Eswatini","Africa","United Kingdom of Great Britain and Northern Ireland","2022",""
"484","Ethiopia","Africa","None","2000",""
"485","Ethiopia","Africa","None","2001",""
"486","Ethiopia","Africa","None","2002",""
"487","Ethiopia","Africa","None","2003",""
"488","Ethiopia","Africa","None","2004",""
"489","Ethiopia","Africa","None","2005",""
"490","Ethiopia","Africa","None","2006",""
"491","Ethiopia","Africa","None","2007",""
"492","Ethiopia","Africa","None","2008",""
"493","Ethiopia","Africa","None","2009",""
"494","Ethiopia","Africa","None","2010",""
"495","Ethiopia","Africa","None","2011",""
"496","Ethiopia","Africa","None","2012",""
"497","Ethiopia","Africa","None","2013",""
"498","Ethiopia","Africa","None","2014",""
"499","Ethiopia","Africa","None","2015",""
"500","Ethiopia","Africa","None","2016","0.1"
"501","Ethiopia","Africa","None","2017","0.1"
"502","Ethiopia","Africa","None","2018","0.1"
"503","Ethiopia","Africa","None","2019",""
"504","Ethiopia","Africa","None","2020",""
"505","Ethiopia","Africa","None","2021",""
"506","Ethiopia","Africa","None","2022",""
"507","Finland","Europe",NA,"2000","1.7"
"508","Finland","Europe",NA,"2001","1.7"
"509","Finland","Europe",NA,"2002","1.7"
"510","Finland","Europe",NA,"2003","1.7"
"511","Finland","Europe",NA,"2004","1.7"
"512","Finland","Europe",NA,"2005","1.7"
"513","Finland","Europe",NA,"2006","1.7"
"514","Finland","Europe",NA,"2007","1.7"
"515","Finland","Europe",NA,"2008","1.7"
"516","Finland","Europe",NA,"2009","1.7"
"517","Finland","Europe",NA,"2010","1.7"
"518","Finland","Europe",NA,"2011","1.8"
"519","Finland","Europe",NA,"2012","1.8"
"520","Finland","Europe",NA,"2013","1.8"
"521","Finland","Europe",NA,"2014","1.8"
"522","Finland","Europe",NA,"2015","1.8"
"523","Finland","Europe",NA,"2016","1.8"
"524","Finland","Europe",NA,"2017","1.8"
"525","Finland","Europe",NA,"2018","1.8"
"526","Finland","Europe",NA,"2019","1.7"
"527","Finland","Europe",NA,"2020","1.7"
"528","Finland","Europe",NA,"2021",""
"529","Finland","Europe",NA,"2022",""
"530","France","Europe",NA,"2000","5.3"
"531","France","Europe",NA,"2001","5.4"
"532","France","Europe",NA,"2002","5.4"
"533","France","Europe",NA,"2003","5.3"
"534","France","Europe",NA,"2004","5.3"
"535","France","Europe",NA,"2005","5.2"
"536","France","Europe",NA,"2006","5.4"
"537","France","Europe",NA,"2007","5.5"
"538","France","Europe",NA,"2008","5.5"
"539","France","Europe",NA,"2009","6.1"
"540","France","Europe",NA,"2010","5.5"
"541","France","Europe",NA,"2011","5.5"
"542","France","Europe",NA,"2012","5.4"
"543","France","Europe",NA,"2013","5.5"
"544","France","Europe",NA,"2014",""
"545","France","Europe",NA,"2015","5.3"
"546","France","Europe",NA,"2016","5.3"
"547","France","Europe",NA,"2017","5.3"
"548","France","Europe",NA,"2018","5.1"
"549","France","Europe",NA,"2019","5.1"
"550","France","Europe",NA,"2020","5.1"
"551","France","Europe",NA,"2021",""
"552","France","Europe",NA,"2022",""
"553","Gabon","Africa","France","2000","0.3"
"554","Gabon","Africa","France","2001","0.3"
"555","Gabon","Africa","France","2002","0.3"
"556","Gabon","Africa","France","2003","0.3"
"557","Gabon","Africa","France","2004","0.3"
"558","Gabon","Africa","France","2005","0.3"
"559","Gabon","Africa","France","2006","0.3"
"560","Gabon","Africa","France","2007","0.3"
"561","Gabon","Africa","France","2008","0.3"
"562","Gabon","Africa","France","2009","0.3"
"563","Gabon","Africa","France","2010","0.3"
"564","Gabon","Africa","France","2011","0.3"
"565","Gabon","Africa","France","2012","0.3"
"566","Gabon","Africa","France","2013","0.3"
"567","Gabon","Africa","France","2014","0.3"
"568","Gabon","Africa","France","2015","0.3"
"569","Gabon","Africa","France","2016","0.3"
"570","Gabon","Africa","France","2017","0.3"
"571","Gabon","Africa","France","2018","0.3"
"572","Gabon","Africa","France","2019","0.2"
"573","Gabon","Africa","France","2020","0.2"
"574","Gabon","Africa","France","2021",""
"575","Gabon","Africa","France","2022",""
"576","Germany","Europe",NA,"2000","10.3"
"577","Germany","Europe",NA,"2001","10.1"
"578","Germany","Europe",NA,"2002","10"
"579","Germany","Europe",NA,"2003","10.1"
"580","Germany","Europe",NA,"2004","9.7"
"581","Germany","Europe",NA,"2005","9.6"
"582","Germany","Europe",NA,"2006","9.6"
"583","Germany","Europe",NA,"2007","9.5"
"584","Germany","Europe",NA,"2008","9.5"
"585","Germany","Europe",NA,"2009","9.4"
"586","Germany","Europe",NA,"2010","9.4"
"587","Germany","Europe",NA,"2011","9.4"
"588","Germany","Europe",NA,"2012","9.4"
"589","Germany","Europe",NA,"2013","9.4"
"590","Germany","Europe",NA,"2014","9.4"
"591","Germany","Europe",NA,"2015","9.3"
"592","Germany","Europe",NA,"2016","9.3"
"593","Germany","Europe",NA,"2017","9.4"
"594","Germany","Europe",NA,"2018","9.4"
"595","Germany","Europe",NA,"2019","9.3"
"596","Germany","Europe",NA,"2020","9.3"
"597","Germany","Europe",NA,"2021",""
"598","Germany","Europe",NA,"2022",""
"599","Ghana","Africa","United Kingdom of Great Britain and Northern Ireland","2000","0.4"
"600","Ghana","Africa","United Kingdom of Great Britain and Northern Ireland","2001","0.4"
"601","Ghana","Africa","United Kingdom of Great Britain and Northern Ireland","2002","0.4"
"602","Ghana","Africa","United Kingdom of Great Britain and Northern Ireland","2003","0.4"
"603","Ghana","Africa","United Kingdom of Great Britain and Northern Ireland","2004",""
"604","Ghana","Africa","United Kingdom of Great Britain and Northern Ireland","2005",""
"605","Ghana","Africa","United Kingdom of Great Britain and Northern Ireland","2006","0.4"
"606","Ghana","Africa","United Kingdom of Great Britain and Northern Ireland","2007",""
"607","Ghana","Africa","United Kingdom of Great Britain and Northern Ireland","2008",""
"608","Ghana","Africa","United Kingdom of Great Britain and Northern Ireland","2009",""
"609","Ghana","Africa","United Kingdom of Great Britain and Northern Ireland","2010",""
"610","Ghana","Africa","United Kingdom of Great Britain and Northern Ireland","2011",""
"611","Ghana","Africa","United Kingdom of Great Britain and Northern Ireland","2012",""
"612","Ghana","Africa","United Kingdom of Great Britain and Northern Ireland","2013",""
"613","Ghana","Africa","United Kingdom of Great Britain and Northern Ireland","2014",""
"614","Ghana","Africa","United Kingdom of Great Britain and Northern Ireland","2015",""
"615","Ghana","Africa","United Kingdom of Great Britain and Northern Ireland","2016",""
"616","Ghana","Africa","United Kingdom of Great Britain and Northern Ireland","2017",""
"617","Ghana","Africa","United Kingdom of Great Britain and Northern Ireland","2018",""
"618","Ghana","Africa","United Kingdom of Great Britain and Northern Ireland","2019",""
"619","Ghana","Africa","United Kingdom of Great Britain and Northern Ireland","2020",""
"620","Ghana","Africa","United Kingdom of Great Britain and Northern Ireland","2021",""
"621","Ghana","Africa","United Kingdom of Great Britain and Northern Ireland","2022",""
"622","Greece","Europe",NA,"2000","1.8"
"623","Greece","Europe",NA,"2001","1.8"
"624","Greece","Europe",NA,"2002","1.8"
"625","Greece","Europe",NA,"2003","1.8"
"626","Greece","Europe",NA,"2004","1.9"
"627","Greece","Europe",NA,"2005","2"
"628","Greece","Europe",NA,"2006","1.9"
"629","Greece","Europe",NA,"2007","1.9"
"630","Greece","Europe",NA,"2008","1.9"
"631","Greece","Europe",NA,"2009","1.9"
"632","Greece","Europe",NA,"2010","1.9"
"633","Greece","Europe",NA,"2011","1.9"
"634","Greece","Europe",NA,"2012","1.7"
"635","Greece","Europe",NA,"2013","1.7"
"636","Greece","Europe",NA,"2014","1.7"
"637","Greece","Europe",NA,"2015","1.7"
"638","Greece","Europe",NA,"2016","1.7"
"639","Greece","Europe",NA,"2017","1.7"
"640","Greece","Europe",NA,"2018","1.7"
"641","Greece","Europe",NA,"2019","1.7"
"642","Greece","Europe",NA,"2020","1.8"
"643","Greece","Europe",NA,"2021",""
"644","Greece","Europe",NA,"2022",""
"645","Hungary","Europe",NA,"2000","8.6"
"646","Hungary","Europe",NA,"2001","8.3"
"647","Hungary","Europe",NA,"2002","8.5"
"648","Hungary","Europe",NA,"2003","8.5"
"649","Hungary","Europe",NA,"2004","8.5"
"650","Hungary","Europe",NA,"2005","8.5"
"651","Hungary","Europe",NA,"2006","8.6"
"652","Hungary","Europe",NA,"2007","8.5"
"653","Hungary","Europe",NA,"2008","8.5"
"654","Hungary","Europe",NA,"2009","8.5"
"655","Hungary","Europe",NA,"2010","8.5"
"656","Hungary","Europe",NA,"2011","8.5"
"657","Hungary","Europe",NA,"2012","8.5"
"658","Hungary","Europe",NA,"2013","8.5"
"659","Hungary","Europe",NA,"2014","8.5"
"660","Hungary","Europe",NA,"2015","8.5"
"661","Hungary","Europe",NA,"2016","8.3"
"662","Hungary","Europe",NA,"2017","8.3"
"663","Hungary","Europe",NA,"2018","8.2"
"664","Hungary","Europe",NA,"2019","8.2"
"665","Hungary","Europe",NA,"2020","8.2"
"666","Hungary","Europe",NA,"2021",""
"667","Hungary","Europe",NA,"2022",""
"668","Ireland","Europe",NA,"2000","2.7"
"669","Ireland","Europe",NA,"2001","2.7"
"670","Ireland","Europe",NA,"2002","2.7"
"671","Ireland","Europe",NA,"2003","2.7"
"672","Ireland","Europe",NA,"2004","2.7"
"673","Ireland","Europe",NA,"2005","2.7"
"674","Ireland","Europe",NA,"2006","2.7"
"675","Ireland","Europe",NA,"2007","2.7"
"676","Ireland","Europe",NA,"2008","2.7"
"677","Ireland","Europe",NA,"2009","2.7"
"678","Ireland","Europe",NA,"2010","2.7"
"679","Ireland","Europe",NA,"2011","2.7"
"680","Ireland","Europe",NA,"2012","2.7"
"681","Ireland","Europe",NA,"2013","2.7"
"682","Ireland","Europe",NA,"2014","2.1"
"683","Ireland","Europe",NA,"2015","2.1"
"684","Ireland","Europe",NA,"2016","3.1"
"685","Ireland","Europe",NA,"2017","2.7"
"686","Ireland","Europe",NA,"2018","2.7"
"687","Ireland","Europe",NA,"2019","2.7"
"688","Ireland","Europe",NA,"2020","2.7"
"689","Ireland","Europe",NA,"2021",""
"690","Ireland","Europe",NA,"2022",""
"691","Italy","Europe",NA,"2000","5.4"
"692","Italy","Europe",NA,"2001","5.4"
"693","Italy","Europe",NA,"2002","5.4"
"694","Italy","Europe",NA,"2003","5.4"
"695","Italy","Europe",NA,"2004","5.4"
"696","Italy","Europe",NA,"2005","5.5"
"697","Italy","Europe",NA,"2006","5.5"
"698","Italy","Europe",NA,"2007","5.5"
"699","Italy","Europe",NA,"2008","5.6"
"700","Italy","Europe",NA,"2009","5.6"
"701","Italy","Europe",NA,"2010","5.5"
"702","Italy","Europe",NA,"2011","5.5"
"703","Italy","Europe",NA,"2012","5.5"
"704","Italy","Europe",NA,"2013","5.5"
"705","Italy","Europe",NA,"2014","5.5"
"706","Italy","Europe",NA,"2015","5.5"
"707","Italy","Europe",NA,"2016","5.6"
"708","Italy","Europe",NA,"2017","5.6"
"709","Italy","Europe",NA,"2018","5.6"
"710","Italy","Europe",NA,"2019","5.6"
"711","Italy","Europe",NA,"2020","5.7"
"712","Italy","Europe",NA,"2021",""
"713","Italy","Europe",NA,"2022",""
"714","Kenya","Africa","United Kingdom of Great Britain and Northern Ireland","2000","0.5"
"715","Kenya","Africa","United Kingdom of Great Britain and Northern Ireland","2001","0.5"
"716","Kenya","Africa","United Kingdom of Great Britain and Northern Ireland","2002","0.5"
"717","Kenya","Africa","United Kingdom of Great Britain and Northern Ireland","2003","0.5"
"718","Kenya","Africa","United Kingdom of Great Britain and Northern Ireland","2004","0.3"
"719","Kenya","Africa","United Kingdom of Great Britain and Northern Ireland","2005",""
"720","Kenya","Africa","United Kingdom of Great Britain and Northern Ireland","2006",""
"721","Kenya","Africa","United Kingdom of Great Britain and Northern Ireland","2007",""
"722","Kenya","Africa","United Kingdom of Great Britain and Northern Ireland","2008",""
"723","Kenya","Africa","United Kingdom of Great Britain and Northern Ireland","2009",""
"724","Kenya","Africa","United Kingdom of Great Britain and Northern Ireland","2010",""
"725","Kenya","Africa","United Kingdom of Great Britain and Northern Ireland","2011",""
"726","Kenya","Africa","United Kingdom of Great Britain and Northern Ireland","2012",""
"727","Kenya","Africa","United Kingdom of Great Britain and Northern Ireland","2013",""
"728","Kenya","Africa","United Kingdom of Great Britain and Northern Ireland","2014",""
"729","Kenya","Africa","United Kingdom of Great Britain and Northern Ireland","2015",""
"730","Kenya","Africa","United Kingdom of Great Britain and Northern Ireland","2016",""
"731","Kenya","Africa","United Kingdom of Great Britain and Northern Ireland","2017",""
"732","Kenya","Africa","United Kingdom of Great Britain and Northern Ireland","2018",""
"733","Kenya","Africa","United Kingdom of Great Britain and Northern Ireland","2019",""
"734","Kenya","Africa","United Kingdom of Great Britain and Northern Ireland","2020",""
"735","Kenya","Africa","United Kingdom of Great Britain and Northern Ireland","2021",""
"736","Kenya","Africa","United Kingdom of Great Britain and Northern Ireland","2022",""
"737","Latvia","Europe",NA,"2000","3.6"
"738","Latvia","Europe",NA,"2001","3.6"
"739","Latvia","Europe",NA,"2002","3.5"
"740","Latvia","Europe",NA,"2003","3.5"
"741","Latvia","Europe",NA,"2004","3.5"
"742","Latvia","Europe",NA,"2005","3.5"
"743","Latvia","Europe",NA,"2006","3.5"
"744","Latvia","Europe",NA,"2007","3.5"
"745","Latvia","Europe",NA,"2008","3.5"
"746","Latvia","Europe",NA,"2009","2.9"
"747","Latvia","Europe",NA,"2010","2.9"
"748","Latvia","Europe",NA,"2011","2.9"
"749","Latvia","Europe",NA,"2012","2.9"
"750","Latvia","Europe",NA,"2013","2.9"
"751","Latvia","Europe",NA,"2014","2.9"
"752","Latvia","Europe",NA,"2015","2.9"
"753","Latvia","Europe",NA,"2016","2.9"
"754","Latvia","Europe",NA,"2017","2.9"
"755","Latvia","Europe",NA,"2018","2.9"
"756","Latvia","Europe",NA,"2019","2.9"
"757","Latvia","Europe",NA,"2020","2.9"
"758","Latvia","Europe",NA,"2021",""
"759","Latvia","Europe",NA,"2022",""
"760","Lithuania","Europe",NA,"2000","2.9"
"761","Lithuania","Europe",NA,"2001","2.6"
"762","Lithuania","Europe",NA,"2002","2.7"
"763","Lithuania","Europe",NA,"2003","2.7"
"764","Lithuania","Europe",NA,"2004","2.7"
"765","Lithuania","Europe",NA,"2005","2.7"
"766","Lithuania","Europe",NA,"2006","2.7"
"767","Lithuania","Europe",NA,"2007","2.7"
"768","Lithuania","Europe",NA,"2008","2.7"
"769","Lithuania","Europe",NA,"2009","2.7"
"770","Lithuania","Europe",NA,"2010","2.7"
"771","Lithuania","Europe",NA,"2011","2.7"
"772","Lithuania","Europe",NA,"2012","2.7"
"773","Lithuania","Europe",NA,"2013","2.7"
"774","Lithuania","Europe",NA,"2014","2.7"
"775","Lithuania","Europe",NA,"2015","2.9"
"776","Lithuania","Europe",NA,"2016","2.9"
"777","Lithuania","Europe",NA,"2017","2.9"
"778","Lithuania","Europe",NA,"2018","2.9"
"779","Lithuania","Europe",NA,"2019","2.9"
"780","Lithuania","Europe",NA,"2020","2.9"
"781","Lithuania","Europe",NA,"2021",""
"782","Lithuania","Europe",NA,"2022",""
"783","Luxembourg","Europe",NA,"2000","10.6"
"784","Luxembourg","Europe",NA,"2001","10.6"
"785","Luxembourg","Europe",NA,"2002","10.6"
"786","Luxembourg","Europe",NA,"2003","10.6"
"787","Luxembourg","Europe",NA,"2004","10.6"
"788","Luxembourg","Europe",NA,"2005","10.6"
"789","Luxembourg","Europe",NA,"2006","10.6"
"790","Luxembourg","Europe",NA,"2007","10.6"
"791","Luxembourg","Europe",NA,"2008","10.6"
"792","Luxembourg","Europe",NA,"2009","10.6"
"793","Luxembourg","Europe",NA,"2010","10.6"
"794","Luxembourg","Europe",NA,"2011","10.6"
"795","Luxembourg","Europe",NA,"2012","10.6"
"796","Luxembourg","Europe",NA,"2013","10.6"
"797","Luxembourg","Europe",NA,"2014","10.6"
"798","Luxembourg","Europe",NA,"2015","10.6"
"799","Luxembourg","Europe",NA,"2016","10.6"
"800","Luxembourg","Europe",NA,"2017","10.6"
"801","Luxembourg","Europe",NA,"2018","11.1"
"802","Luxembourg","Europe",NA,"2019","11.1"
"803","Luxembourg","Europe",NA,"2020","10.5"
"804","Luxembourg","Europe",NA,"2021",""
"805","Luxembourg","Europe",NA,"2022",""
"806","Madagascar","Africa","France","2000","0.2"
"807","Madagascar","Africa","France","2001","0.2"
"808","Madagascar","Africa","France","2002","0.2"
"809","Madagascar","Africa","France","2003",""
"810","Madagascar","Africa","France","2004",""
"811","Madagascar","Africa","France","2005",""
"812","Madagascar","Africa","France","2006",""
"813","Madagascar","Africa","France","2007","0.1"
"814","Madagascar","Africa","France","2008",""
"815","Madagascar","Africa","France","2009","0.1"
"816","Madagascar","Africa","France","2010","0.1"
"817","Madagascar","Africa","France","2011","0.1"
"818","Madagascar","Africa","France","2012","0.1"
"819","Madagascar","Africa","France","2013","0.1"
"820","Madagascar","Africa","France","2014","0.1"
"821","Madagascar","Africa","France","2015","0.1"
"822","Madagascar","Africa","France","2016",""
"823","Madagascar","Africa","France","2017",""
"824","Madagascar","Africa","France","2018","0.1"
"825","Madagascar","Africa","France","2019","0.1"
"826","Madagascar","Africa","France","2020","0.1"
"827","Madagascar","Africa","France","2021",""
"828","Madagascar","Africa","France","2022",""
"829","Mali","Africa","France","2000","0.1"
"830","Mali","Africa","France","2001","0.1"
"831","Mali","Africa","France","2002","0.1"
"832","Mali","Africa","France","2003",""
"833","Mali","Africa","France","2004",""
"834","Mali","Africa","France","2005",""
"835","Mali","Africa","France","2006",""
"836","Mali","Africa","France","2007",""
"837","Mali","Africa","France","2008",""
"838","Mali","Africa","France","2009",""
"839","Mali","Africa","France","2010",""
"840","Mali","Africa","France","2011",""
"841","Mali","Africa","France","2012",""
"842","Mali","Africa","France","2013",""
"843","Mali","Africa","France","2014",""
"844","Mali","Africa","France","2015",""
"845","Mali","Africa","France","2016",""
"846","Mali","Africa","France","2017",""
"847","Mali","Africa","France","2018",""
"848","Mali","Africa","France","2019",""
"849","Mali","Africa","France","2020",""
"850","Mali","Africa","France","2021",""
"851","Mali","Africa","France","2022",""
"852","Mauritania","Africa","France","2000",""
"853","Mauritania","Africa","France","2001",""
"854","Mauritania","Africa","France","2002","0.1"
"855","Mauritania","Africa","France","2003",""
"856","Mauritania","Africa","France","2004",""
"857","Mauritania","Africa","France","2005",""
"858","Mauritania","Africa","France","2006",""
"859","Mauritania","Africa","France","2007","0.1"
"860","Mauritania","Africa","France","2008","0.1"
"861","Mauritania","Africa","France","2009","0.1"
"862","Mauritania","Africa","France","2010","0.1"
"863","Mauritania","Africa","France","2011",""
"864","Mauritania","Africa","France","2012",""
"865","Mauritania","Africa","France","2013",""
"866","Mauritania","Africa","France","2014",""
"867","Mauritania","Africa","France","2015",""
"868","Mauritania","Africa","France","2016","0.1"
"869","Mauritania","Africa","France","2017","0.1"
"870","Mauritania","Africa","France","2018","0.1"
"871","Mauritania","Africa","France","2019","0.1"
"872","Mauritania","Africa","France","2020","0.1"
"873","Mauritania","Africa","France","2021",""
"874","Mauritania","Africa","France","2022",""
"875","Montenegro","Europe",NA,"2000",""
"876","Montenegro","Europe",NA,"2001",""
"877","Montenegro","Europe",NA,"2002",""
"878","Montenegro","Europe",NA,"2003","1.8"
"879","Montenegro","Europe",NA,"2004","1.8"
"880","Montenegro","Europe",NA,"2005","1.8"
"881","Montenegro","Europe",NA,"2006","1.8"
"882","Montenegro","Europe",NA,"2007","1.8"
"883","Montenegro","Europe",NA,"2008","1.8"
"884","Montenegro","Europe",NA,"2009","1.8"
"885","Montenegro","Europe",NA,"2010","1.8"
"886","Montenegro","Europe",NA,"2011","1.7"
"887","Montenegro","Europe",NA,"2012","1.7"
"888","Montenegro","Europe",NA,"2013","1.8"
"889","Montenegro","Europe",NA,"2014","1.8"
"890","Montenegro","Europe",NA,"2015","1.8"
"891","Montenegro","Europe",NA,"2016","1.8"
"892","Montenegro","Europe",NA,"2017","1.8"
"893","Montenegro","Europe",NA,"2018","1.8"
"894","Montenegro","Europe",NA,"2019","1.8"
"895","Montenegro","Europe",NA,"2020",""
"896","Montenegro","Europe",NA,"2021",""
"897","Montenegro","Europe",NA,"2022",""
"898","Morocco","Africa","France","2000","0.4"
"899","Morocco","Africa","France","2001","0.4"
"900","Morocco","Africa","France","2002","0.4"
"901","Morocco","Africa","France","2003","0.4"
"902","Morocco","Africa","France","2004","0.4"
"903","Morocco","Africa","France","2005","0.4"
"904","Morocco","Africa","France","2006","0.4"
"905","Morocco","Africa","France","2007","0.4"
"906","Morocco","Africa","France","2008","0.4"
"907","Morocco","Africa","France","2009","0.5"
"908","Morocco","Africa","France","2010","0.5"
"909","Morocco","Africa","France","2011","0.5"
"910","Morocco","Africa","France","2012","0.5"
"911","Morocco","Africa","France","2013","0.5"
"912","Morocco","Africa","France","2014","0.5"
"913","Morocco","Africa","France","2015","0.5"
"914","Morocco","Africa","France","2016","0.5"
"915","Morocco","Africa","France","2017","0.5"
"916","Morocco","Africa","France","2018","0.5"
"917","Morocco","Africa","France","2019","0.5"
"918","Morocco","Africa","France","2020","0.5"
"919","Morocco","Africa","France","2021",""
"920","Morocco","Africa","France","2022",""
"921","Mozambique","Africa","Portugal","2000","0.4"
"922","Mozambique","Africa","Portugal","2001","0.4"
"923","Mozambique","Africa","Portugal","2002","0.4"
"924","Mozambique","Africa","Portugal","2003","0.4"
"925","Mozambique","Africa","Portugal","2004","0.4"
"926","Mozambique","Africa","Portugal","2005","0.4"
"927","Mozambique","Africa","Portugal","2006",""
"928","Mozambique","Africa","Portugal","2007","0.4"
"929","Mozambique","Africa","Portugal","2008","0.4"
"930","Mozambique","Africa","Portugal","2009","0.4"
"931","Mozambique","Africa","Portugal","2010","0.4"
"932","Mozambique","Africa","Portugal","2011","0.4"
"933","Mozambique","Africa","Portugal","2012",""
"934","Mozambique","Africa","Portugal","2013",""
"935","Mozambique","Africa","Portugal","2014",""
"936","Mozambique","Africa","Portugal","2015",""
"937","Mozambique","Africa","Portugal","2016",""
"938","Mozambique","Africa","Portugal","2017",""
"939","Mozambique","Africa","Portugal","2018",""
"940","Mozambique","Africa","Portugal","2019",""
"941","Mozambique","Africa","Portugal","2020",""
"942","Mozambique","Africa","Portugal","2021",""
"943","Mozambique","Africa","Portugal","2022",""
"944","Netherlands (Kingdom of the)","Europe",NA,"2000","6.7"
"945","Netherlands (Kingdom of the)","Europe",NA,"2001","6.8"
"946","Netherlands (Kingdom of the)","Europe",NA,"2002","6.8"
"947","Netherlands (Kingdom of the)","Europe",NA,"2003","6.8"
"948","Netherlands (Kingdom of the)","Europe",NA,"2004","6.8"
"949","Netherlands (Kingdom of the)","Europe",NA,"2005","6.8"
"950","Netherlands (Kingdom of the)","Europe",NA,"2006","6.7"
"951","Netherlands (Kingdom of the)","Europe",NA,"2007","7"
"952","Netherlands (Kingdom of the)","Europe",NA,"2008","7"
"953","Netherlands (Kingdom of the)","Europe",NA,"2009","6.9"
"954","Netherlands (Kingdom of the)","Europe",NA,"2010","7.3"
"955","Netherlands (Kingdom of the)","Europe",NA,"2011",""
"956","Netherlands (Kingdom of the)","Europe",NA,"2012",""
"957","Netherlands (Kingdom of the)","Europe",NA,"2013",""
"958","Netherlands (Kingdom of the)","Europe",NA,"2014",""
"959","Netherlands (Kingdom of the)","Europe",NA,"2015",""
"960","Netherlands (Kingdom of the)","Europe",NA,"2016",""
"961","Netherlands (Kingdom of the)","Europe",NA,"2017",""
"962","Netherlands (Kingdom of the)","Europe",NA,"2018","7.4"
"963","Netherlands (Kingdom of the)","Europe",NA,"2019","7.4"
"964","Netherlands (Kingdom of the)","Europe",NA,"2020","7.4"
"965","Netherlands (Kingdom of the)","Europe",NA,"2021",""
"966","Netherlands (Kingdom of the)","Europe",NA,"2022",""
"967","Nigeria","Africa","United Kingdom of Great Britain and Northern Ireland","2000","0.4"
"968","Nigeria","Africa","United Kingdom of Great Britain and Northern Ireland","2001","0.4"
"969","Nigeria","Africa","United Kingdom of Great Britain and Northern Ireland","2002","0.4"
"970","Nigeria","Africa","United Kingdom of Great Britain and Northern Ireland","2003","0.4"
"971","Nigeria","Africa","United Kingdom of Great Britain and Northern Ireland","2004","0.4"
"972","Nigeria","Africa","United Kingdom of Great Britain and Northern Ireland","2005","0.4"
"973","Nigeria","Africa","United Kingdom of Great Britain and Northern Ireland","2006","0.4"
"974","Nigeria","Africa","United Kingdom of Great Britain and Northern Ireland","2007","0.4"
"975","Nigeria","Africa","United Kingdom of Great Britain and Northern Ireland","2008","0.4"
"976","Nigeria","Africa","United Kingdom of Great Britain and Northern Ireland","2009","0.4"
"977","Nigeria","Africa","United Kingdom of Great Britain and Northern Ireland","2010","0.4"
"978","Nigeria","Africa","United Kingdom of Great Britain and Northern Ireland","2011","0.4"
"979","Nigeria","Africa","United Kingdom of Great Britain and Northern Ireland","2012","0.4"
"980","Nigeria","Africa","United Kingdom of Great Britain and Northern Ireland","2013","0.4"
"981","Nigeria","Africa","United Kingdom of Great Britain and Northern Ireland","2014","0.4"
"982","Nigeria","Africa","United Kingdom of Great Britain and Northern Ireland","2015","0.4"
"983","Nigeria","Africa","United Kingdom of Great Britain and Northern Ireland","2016",""
"984","Nigeria","Africa","United Kingdom of Great Britain and Northern Ireland","2017",""
"985","Nigeria","Africa","United Kingdom of Great Britain and Northern Ireland","2018",""
"986","Nigeria","Africa","United Kingdom of Great Britain and Northern Ireland","2019",""
"987","Nigeria","Africa","United Kingdom of Great Britain and Northern Ireland","2020",""
"988","Nigeria","Africa","United Kingdom of Great Britain and Northern Ireland","2021",""
"989","Nigeria","Africa","United Kingdom of Great Britain and Northern Ireland","2022",""
"990","North Macedonia","Europe",NA,"2000","2.7"
"991","North Macedonia","Europe",NA,"2001","2.7"
"992","North Macedonia","Europe",NA,"2002","2.7"
"993","North Macedonia","Europe",NA,"2003","2.7"
"994","North Macedonia","Europe",NA,"2004","2.7"
"995","North Macedonia","Europe",NA,"2005","2.7"
"996","North Macedonia","Europe",NA,"2006","2.7"
"997","North Macedonia","Europe",NA,"2007","2.7"
"998","North Macedonia","Europe",NA,"2008","2.7"
"999","North Macedonia","Europe",NA,"2009","2.7"
"1000","North Macedonia","Europe",NA,"2010","2.7"
"1001","North Macedonia","Europe",NA,"2011","2.7"
"1002","North Macedonia","Europe",NA,"2012","2.7"
"1003","North Macedonia","Europe",NA,"2013","2.7"
"1004","North Macedonia","Europe",NA,"2014","2.7"
"1005","North Macedonia","Europe",NA,"2015","2.7"
"1006","North Macedonia","Europe",NA,"2016","2.7"
"1007","North Macedonia","Europe",NA,"2017","2.7"
"1008","North Macedonia","Europe",NA,"2018","2.7"
"1009","North Macedonia","Europe",NA,"2019","2.7"
"1010","North Macedonia","Europe",NA,"2020","2.7"
"1011","North Macedonia","Europe",NA,"2021",""
"1012","North Macedonia","Europe",NA,"2022",""
"1013","Norway","Europe",NA,"2000","1.1"
"1014","Norway","Europe",NA,"2001","1.1"
"1015","Norway","Europe",NA,"2002","1.1"
"1016","Norway","Europe",NA,"2003","1.1"
"1017","Norway","Europe",NA,"2004","1.1"
"1018","Norway","Europe",NA,"2005","1.1"
"1019","Norway","Europe",NA,"2006","1.1"
"1020","Norway","Europe",NA,"2007","1.1"
"1021","Norway","Europe",NA,"2008","1.1"
"1022","Norway","Europe",NA,"2009",""
"1023","Norway","Europe",NA,"2010",""
"1024","Norway","Europe",NA,"2011","1.1"
"1025","Norway","Europe",NA,"2012",""
"1026","Norway","Europe",NA,"2013",""
"1027","Norway","Europe",NA,"2014","0.7"
"1028","Norway","Europe",NA,"2015","0.7"
"1029","Norway","Europe",NA,"2016","0.7"
"1030","Norway","Europe",NA,"2017","0.7"
"1031","Norway","Europe",NA,"2018","0.7"
"1032","Norway","Europe",NA,"2019",""
"1033","Norway","Europe",NA,"2020","0.6"
"1034","Norway","Europe",NA,"2021",""
"1035","Norway","Europe",NA,"2022",""
"1036","Poland","Europe",NA,"2000","7.2"
"1037","Poland","Europe",NA,"2001","6.4"
"1038","Poland","Europe",NA,"2002","6.5"
"1039","Poland","Europe",NA,"2003","6.4"
"1040","Poland","Europe",NA,"2004","6.3"
"1041","Poland","Europe",NA,"2005","6.3"
"1042","Poland","Europe",NA,"2006","6.2"
"1043","Poland","Europe",NA,"2007","6.2"
"1044","Poland","Europe",NA,"2008","6.3"
"1045","Poland","Europe",NA,"2009","6.3"
"1046","Poland","Europe",NA,"2010","6.3"
"1047","Poland","Europe",NA,"2011","6.3"
"1048","Poland","Europe",NA,"2012","6.3"
"1049","Poland","Europe",NA,"2013","6.1"
"1050","Poland","Europe",NA,"2014","6.1"
"1051","Poland","Europe",NA,"2015","5.9"
"1052","Poland","Europe",NA,"2016","5.9"
"1053","Poland","Europe",NA,"2017","5.9"
"1054","Poland","Europe",NA,"2018","5.9"
"1055","Poland","Europe",NA,"2019","5.9"
"1056","Poland","Europe",NA,"2020","6"
"1057","Poland","Europe",NA,"2021",""
"1058","Poland","Europe",NA,"2022",""
"1059","Portugal","Europe",NA,"2000","3.1"
"1060","Portugal","Europe",NA,"2001","3.1"
"1061","Portugal","Europe",NA,"2002","3.1"
"1062","Portugal","Europe",NA,"2003","3.1"
"1063","Portugal","Europe",NA,"2004","3.1"
"1064","Portugal","Europe",NA,"2005","3.1"
"1065","Portugal","Europe",NA,"2006","3.1"
"1066","Portugal","Europe",NA,"2007","3.1"
"1067","Portugal","Europe",NA,"2008","3.1"
"1068","Portugal","Europe",NA,"2009","3.1"
"1069","Portugal","Europe",NA,"2010","3.1"
"1070","Portugal","Europe",NA,"2011","3"
"1071","Portugal","Europe",NA,"2012","2.8"
"1072","Portugal","Europe",NA,"2013","2.8"
"1073","Portugal","Europe",NA,"2014","2.8"
"1074","Portugal","Europe",NA,"2015","2.8"
"1075","Portugal","Europe",NA,"2016","2.8"
"1076","Portugal","Europe",NA,"2017","2.8"
"1077","Portugal","Europe",NA,"2018","2.8"
"1078","Portugal","Europe",NA,"2019","2.7"
"1079","Portugal","Europe",NA,"2020","2.7"
"1080","Portugal","Europe",NA,"2021",""
"1081","Portugal","Europe",NA,"2022",""
"1082","Republic of Moldova","Europe",NA,"2000","3.4"
"1083","Republic of Moldova","Europe",NA,"2001","3.3"
"1084","Republic of Moldova","Europe",NA,"2002","3.3"
"1085","Republic of Moldova","Europe",NA,"2003","3.3"
"1086","Republic of Moldova","Europe",NA,"2004","3.2"
"1087","Republic of Moldova","Europe",NA,"2005","3.2"
"1088","Republic of Moldova","Europe",NA,"2006","3.4"
"1089","Republic of Moldova","Europe",NA,"2007","3.4"
"1090","Republic of Moldova","Europe",NA,"2008","3.4"
"1091","Republic of Moldova","Europe",NA,"2009","3.4"
"1092","Republic of Moldova","Europe",NA,"2010","3.4"
"1093","Republic of Moldova","Europe",NA,"2011","3.4"
"1094","Republic of Moldova","Europe",NA,"2012","3.4"
"1095","Republic of Moldova","Europe",NA,"2013","3.4"
"1096","Republic of Moldova","Europe",NA,"2014","3.4"
"1097","Republic of Moldova","Europe",NA,"2015","3.4"
"1098","Republic of Moldova","Europe",NA,"2016","3.4"
"1099","Republic of Moldova","Europe",NA,"2017","3.4"
"1100","Republic of Moldova","Europe",NA,"2018","3.4"
"1101","Republic of Moldova","Europe",NA,"2019","3.4"
"1102","Republic of Moldova","Europe",NA,"2020","3.4"
"1103","Republic of Moldova","Europe",NA,"2021",""
"1104","Republic of Moldova","Europe",NA,"2022",""
"1105","Romania","Europe",NA,"2000","4.8"
"1106","Romania","Europe",NA,"2001","4.8"
"1107","Romania","Europe",NA,"2002","4.8"
"1108","Romania","Europe",NA,"2003","4.6"
"1109","Romania","Europe",NA,"2004","4.5"
"1110","Romania","Europe",NA,"2005","4.5"
"1111","Romania","Europe",NA,"2006","4.5"
"1112","Romania","Europe",NA,"2007","4.5"
"1113","Romania","Europe",NA,"2008","4.5"
"1114","Romania","Europe",NA,"2009","4.5"
"1115","Romania","Europe",NA,"2010","4.5"
"1116","Romania","Europe",NA,"2011","4.5"
"1117","Romania","Europe",NA,"2012","4.5"
"1118","Romania","Europe",NA,"2013","4.5"
"1119","Romania","Europe",NA,"2014","4.5"
"1120","Romania","Europe",NA,"2015","4.5"
"1121","Romania","Europe",NA,"2016","4.5"
"1122","Romania","Europe",NA,"2017","4.5"
"1123","Romania","Europe",NA,"2018","4.5"
"1124","Romania","Europe",NA,"2019","4.5"
"1125","Romania","Europe",NA,"2020","4.5"
"1126","Romania","Europe",NA,"2021",""
"1127","Romania","Europe",NA,"2022",""
"1128","Russian Federation","Europe",NA,"2000","0.5"
"1129","Russian Federation","Europe",NA,"2001","0.5"
"1130","Russian Federation","Europe",NA,"2002","0.5"
"1131","Russian Federation","Europe",NA,"2003","0.5"
"1132","Russian Federation","Europe",NA,"2004","0.5"
"1133","Russian Federation","Europe",NA,"2005","0.5"
"1134","Russian Federation","Europe",NA,"2006","0.5"
"1135","Russian Federation","Europe",NA,"2007","0.5"
"1136","Russian Federation","Europe",NA,"2008","0.5"
"1137","Russian Federation","Europe",NA,"2009","0.5"
"1138","Russian Federation","Europe",NA,"2010","0.5"
"1139","Russian Federation","Europe",NA,"2011","0.5"
"1140","Russian Federation","Europe",NA,"2012","0.5"
"1141","Russian Federation","Europe",NA,"2013","0.5"
"1142","Russian Federation","Europe",NA,"2014","0.5"
"1143","Russian Federation","Europe",NA,"2015","0.5"
"1144","Russian Federation","Europe",NA,"2016","0.5"
"1145","Russian Federation","Europe",NA,"2017","0.5"
"1146","Russian Federation","Europe",NA,"2018","0.5"
"1147","Russian Federation","Europe",NA,"2019","0.5"
"1148","Russian Federation","Europe",NA,"2020","0.5"
"1149","Russian Federation","Europe",NA,"2021",""
"1150","Russian Federation","Europe",NA,"2022",""
"1151","Senegal","Africa","France","2000","0.5"
"1152","Senegal","Africa","France","2001","0.5"
"1153","Senegal","Africa","France","2002","0.5"
"1154","Senegal","Africa","France","2003","0.5"
"1155","Senegal","Africa","France","2004","0.5"
"1156","Senegal","Africa","France","2005",""
"1157","Senegal","Africa","France","2006",""
"1158","Senegal","Africa","France","2007",""
"1159","Senegal","Africa","France","2008",""
"1160","Senegal","Africa","France","2009",""
"1161","Senegal","Africa","France","2010",""
"1162","Senegal","Africa","France","2011",""
"1163","Senegal","Africa","France","2012",""
"1164","Senegal","Africa","France","2013",""
"1165","Senegal","Africa","France","2014",""
"1166","Senegal","Africa","France","2015",""
"1167","Senegal","Africa","France","2016",""
"1168","Senegal","Africa","France","2017",""
"1169","Senegal","Africa","France","2018",""
"1170","Senegal","Africa","France","2019",""
"1171","Senegal","Africa","France","2020",""
"1172","Senegal","Africa","France","2021",""
"1173","Senegal","Africa","France","2022",""
"1174","Serbia","Europe",NA,"2000","4.3"
"1175","Serbia","Europe",NA,"2001","4.3"
"1176","Serbia","Europe",NA,"2002","4.3"
"1177","Serbia","Europe",NA,"2003","4.3"
"1178","Serbia","Europe",NA,"2004","4.3"
"1179","Serbia","Europe",NA,"2005","4.3"
"1180","Serbia","Europe",NA,"2006","4.3"
"1181","Serbia","Europe",NA,"2007","4.3"
"1182","Serbia","Europe",NA,"2008","4.3"
"1183","Serbia","Europe",NA,"2009","4.3"
"1184","Serbia","Europe",NA,"2010","4.3"
"1185","Serbia","Europe",NA,"2011","4.3"
"1186","Serbia","Europe",NA,"2012","4.3"
"1187","Serbia","Europe",NA,"2013","4.3"
"1188","Serbia","Europe",NA,"2014","4.3"
"1189","Serbia","Europe",NA,"2015","4.3"
"1190","Serbia","Europe",NA,"2016","4.2"
"1191","Serbia","Europe",NA,"2017","4.2"
"1192","Serbia","Europe",NA,"2018","4.2"
"1193","Serbia","Europe",NA,"2019","4.2"
"1194","Serbia","Europe",NA,"2020","3.9"
"1195","Serbia","Europe",NA,"2021",""
"1196","Serbia","Europe",NA,"2022",""
"1197","Slovakia","Europe",NA,"2000","7.5"
"1198","Slovakia","Europe",NA,"2001","7.5"
"1199","Slovakia","Europe",NA,"2002","7.5"
"1200","Slovakia","Europe",NA,"2003","7.5"
"1201","Slovakia","Europe",NA,"2004","7.5"
"1202","Slovakia","Europe",NA,"2005","7.4"
"1203","Slovakia","Europe",NA,"2006","7.4"
"1204","Slovakia","Europe",NA,"2007","7.4"
"1205","Slovakia","Europe",NA,"2008","7.4"
"1206","Slovakia","Europe",NA,"2009","7.4"
"1207","Slovakia","Europe",NA,"2010","7.4"
"1208","Slovakia","Europe",NA,"2011","7.4"
"1209","Slovakia","Europe",NA,"2012","7.4"
"1210","Slovakia","Europe",NA,"2013","7.4"
"1211","Slovakia","Europe",NA,"2014","7.4"
"1212","Slovakia","Europe",NA,"2015","7.4"
"1213","Slovakia","Europe",NA,"2016","7.4"
"1214","Slovakia","Europe",NA,"2017","7.4"
"1215","Slovakia","Europe",NA,"2018","7.4"
"1216","Slovakia","Europe",NA,"2019","7.4"
"1217","Slovakia","Europe",NA,"2020","7.4"
"1218","Slovakia","Europe",NA,"2021",""
"1219","Slovakia","Europe",NA,"2022",""
"1220","Slovenia","Europe",NA,"2000","5.9"
"1221","Slovenia","Europe",NA,"2001","6.1"
"1222","Slovenia","Europe",NA,"2002","6.1"
"1223","Slovenia","Europe",NA,"2003","6.1"
"1224","Slovenia","Europe",NA,"2004","6.1"
"1225","Slovenia","Europe",NA,"2005","6.1"
"1226","Slovenia","Europe",NA,"2006","6.1"
"1227","Slovenia","Europe",NA,"2007","6.1"
"1228","Slovenia","Europe",NA,"2008","6.1"
"1229","Slovenia","Europe",NA,"2009","6.1"
"1230","Slovenia","Europe",NA,"2010","6.1"
"1231","Slovenia","Europe",NA,"2011","6"
"1232","Slovenia","Europe",NA,"2012","6"
"1233","Slovenia","Europe",NA,"2013","5.8"
"1234","Slovenia","Europe",NA,"2014","5.8"
"1235","Slovenia","Europe",NA,"2015","5.8"
"1236","Slovenia","Europe",NA,"2016","5.8"
"1237","Slovenia","Europe",NA,"2017","5.9"
"1238","Slovenia","Europe",NA,"2018","5.9"
"1239","Slovenia","Europe",NA,"2019","5.9"
"1240","Slovenia","Europe",NA,"2020","5.9"
"1241","Slovenia","Europe",NA,"2021",""
"1242","Slovenia","Europe",NA,"2022",""
"1243","South Africa","Africa","Netherlands (Kingdom of the)","2000",""
"1244","South Africa","Africa","Netherlands (Kingdom of the)","2001",""
"1245","South Africa","Africa","Netherlands (Kingdom of the)","2002",""
"1246","South Africa","Africa","Netherlands (Kingdom of the)","2003",""
"1247","South Africa","Africa","Netherlands (Kingdom of the)","2004",""
"1248","South Africa","Africa","Netherlands (Kingdom of the)","2005",""
"1249","South Africa","Africa","Netherlands (Kingdom of the)","2006",""
"1250","South Africa","Africa","Netherlands (Kingdom of the)","2007",""
"1251","South Africa","Africa","Netherlands (Kingdom of the)","2008",""
"1252","South Africa","Africa","Netherlands (Kingdom of the)","2009",""
"1253","South Africa","Africa","Netherlands (Kingdom of the)","2010",""
"1254","South Africa","Africa","Netherlands (Kingdom of the)","2011",""
"1255","South Africa","Africa","Netherlands (Kingdom of the)","2012",""
"1256","South Africa","Africa","Netherlands (Kingdom of the)","2013",""
"1257","South Africa","Africa","Netherlands (Kingdom of the)","2014",""
"1258","South Africa","Africa","Netherlands (Kingdom of the)","2015","1.7"
"1259","South Africa","Africa","Netherlands (Kingdom of the)","2016","1.7"
"1260","South Africa","Africa","Netherlands (Kingdom of the)","2017","1.7"
"1261","South Africa","Africa","Netherlands (Kingdom of the)","2018","1.7"
"1262","South Africa","Africa","Netherlands (Kingdom of the)","2019","1.7"
"1263","South Africa","Africa","Netherlands (Kingdom of the)","2020","1.7"
"1264","South Africa","Africa","Netherlands (Kingdom of the)","2021",""
"1265","South Africa","Africa","Netherlands (Kingdom of the)","2022",""
"1266","Spain","Europe",NA,"2000","2.7"
"1267","Spain","Europe",NA,"2001","2.7"
"1268","Spain","Europe",NA,"2002","2.7"
"1269","Spain","Europe",NA,"2003","2.8"
"1270","Spain","Europe",NA,"2004","2.8"
"1271","Spain","Europe",NA,"2005","2.8"
"1272","Spain","Europe",NA,"2006","2.9"
"1273","Spain","Europe",NA,"2007","3"
"1274","Spain","Europe",NA,"2008","3"
"1275","Spain","Europe",NA,"2009","3"
"1276","Spain","Europe",NA,"2010","3.1"
"1277","Spain","Europe",NA,"2011","3.1"
"1278","Spain","Europe",NA,"2012","3.1"
"1279","Spain","Europe",NA,"2013","3.1"
"1280","Spain","Europe",NA,"2014","3.1"
"1281","Spain","Europe",NA,"2015","3.1"
"1282","Spain","Europe",NA,"2016","3.1"
"1283","Spain","Europe",NA,"2017","3.1"
"1284","Spain","Europe",NA,"2018","3.1"
"1285","Spain","Europe",NA,"2019","3.1"
"1286","Spain","Europe",NA,"2020","3.1"
"1287","Spain","Europe",NA,"2021",""
"1288","Spain","Europe",NA,"2022",""
"1289","Sudan","Africa","United Kingdom of Great Britain and Northern Ireland","2000","0.2"
"1290","Sudan","Africa","United Kingdom of Great Britain and Northern Ireland","2001","0.2"
"1291","Sudan","Africa","United Kingdom of Great Britain and Northern Ireland","2002","0.2"
"1292","Sudan","Africa","United Kingdom of Great Britain and Northern Ireland","2003","0.2"
"1293","Sudan","Africa","United Kingdom of Great Britain and Northern Ireland","2004","0.2"
"1294","Sudan","Africa","United Kingdom of Great Britain and Northern Ireland","2005","0.2"
"1295","Sudan","Africa","United Kingdom of Great Britain and Northern Ireland","2006","0.2"
"1296","Sudan","Africa","United Kingdom of Great Britain and Northern Ireland","2007",""
"1297","Sudan","Africa","United Kingdom of Great Britain and Northern Ireland","2008","0.2"
"1298","Sudan","Africa","United Kingdom of Great Britain and Northern Ireland","2009",""
"1299","Sudan","Africa","United Kingdom of Great Britain and Northern Ireland","2010","0.2"
"1300","Sudan","Africa","United Kingdom of Great Britain and Northern Ireland","2011","0.2"
"1301","Sudan","Africa","United Kingdom of Great Britain and Northern Ireland","2012","0.2"
"1302","Sudan","Africa","United Kingdom of Great Britain and Northern Ireland","2013","0.2"
"1303","Sudan","Africa","United Kingdom of Great Britain and Northern Ireland","2014","0.2"
"1304","Sudan","Africa","United Kingdom of Great Britain and Northern Ireland","2015",""
"1305","Sudan","Africa","United Kingdom of Great Britain and Northern Ireland","2016",""
"1306","Sudan","Africa","United Kingdom of Great Britain and Northern Ireland","2017",""
"1307","Sudan","Africa","United Kingdom of Great Britain and Northern Ireland","2018","0.1"
"1308","Sudan","Africa","United Kingdom of Great Britain and Northern Ireland","2019","0.1"
"1309","Sudan","Africa","United Kingdom of Great Britain and Northern Ireland","2020","0.1"
"1310","Sudan","Africa","United Kingdom of Great Britain and Northern Ireland","2021",""
"1311","Sudan","Africa","United Kingdom of Great Britain and Northern Ireland","2022",""
"1312","Sweden","Europe",NA,"2000","2.4"
"1313","Sweden","Europe",NA,"2001","2.2"
"1314","Sweden","Europe",NA,"2002","2.2"
"1315","Sweden","Europe",NA,"2003","2.2"
"1316","Sweden","Europe",NA,"2004","2.2"
"1317","Sweden","Europe",NA,"2005","2.2"
"1318","Sweden","Europe",NA,"2006","2.2"
"1319","Sweden","Europe",NA,"2007","2.2"
"1320","Sweden","Europe",NA,"2008","2.2"
"1321","Sweden","Europe",NA,"2009","2.2"
"1322","Sweden","Europe",NA,"2010","2.2"
"1323","Sweden","Europe",NA,"2011","2.2"
"1324","Sweden","Europe",NA,"2012","2.2"
"1325","Sweden","Europe",NA,"2013","1.8"
"1326","Sweden","Europe",NA,"2014","1.8"
"1327","Sweden","Europe",NA,"2015","1.8"
"1328","Sweden","Europe",NA,"2016","1.8"
"1329","Sweden","Europe",NA,"2017","1.8"
"1330","Sweden","Europe",NA,"2018","1.8"
"1331","Sweden","Europe",NA,"2019","1.8"
"1332","Sweden","Europe",NA,"2020","1.8"
"1333","Sweden","Europe",NA,"2021",""
"1334","Sweden","Europe",NA,"2022",""
"1335","Switzerland","Europe",NA,"2000","7.8"
"1336","Switzerland","Europe",NA,"2001","7.8"
"1337","Switzerland","Europe",NA,"2002","7.8"
"1338","Switzerland","Europe",NA,"2003","7.8"
"1339","Switzerland","Europe",NA,"2004","8.2"
"1340","Switzerland","Europe",NA,"2005","8.2"
"1341","Switzerland","Europe",NA,"2006","8.6"
"1342","Switzerland","Europe",NA,"2007","8.1"
"1343","Switzerland","Europe",NA,"2008","8.6"
"1344","Switzerland","Europe",NA,"2009","8.7"
"1345","Switzerland","Europe",NA,"2010","8.7"
"1346","Switzerland","Europe",NA,"2011","8.6"
"1347","Switzerland","Europe",NA,"2012","8.6"
"1348","Switzerland","Europe",NA,"2013","8.7"
"1349","Switzerland","Europe",NA,"2014","9.7"
"1350","Switzerland","Europe",NA,"2015","9.6"
"1351","Switzerland","Europe",NA,"2016","9.8"
"1352","Switzerland","Europe",NA,"2017","9.8"
"1353","Switzerland","Europe",NA,"2018","9.8"
"1354","Switzerland","Europe",NA,"2019","8.8"
"1355","Switzerland","Europe",NA,"2020","8.9"
"1356","Switzerland","Europe",NA,"2021",""
"1357","Switzerland","Europe",NA,"2022",""
"1358","Tunisia","Africa","France","2000","1.3"
"1359","Tunisia","Africa","France","2001","1.3"
"1360","Tunisia","Africa","France","2002","1.2"
"1361","Tunisia","Africa","France","2003","1.2"
"1362","Tunisia","Africa","France","2004","1.2"
"1363","Tunisia","Africa","France","2005","1.2"
"1364","Tunisia","Africa","France","2006","1.4"
"1365","Tunisia","Africa","France","2007","1.4"
"1366","Tunisia","Africa","France","2008","1.2"
"1367","Tunisia","Africa","France","2009",""
"1368","Tunisia","Africa","France","2010","1.3"
"1369","Tunisia","Africa","France","2011",""
"1370","Tunisia","Africa","France","2012","1.1"
"1371","Tunisia","Africa","France","2013",""
"1372","Tunisia","Africa","France","2014","1.4"
"1373","Tunisia","Africa","France","2015","1.4"
"1374","Tunisia","Africa","France","2016","1.4"
"1375","Tunisia","Africa","France","2017","1.3"
"1376","Tunisia","Africa","France","2018","1.1"
"1377","Tunisia","Africa","France","2019","1.1"
"1378","Tunisia","Africa","France","2020","1.1"
"1379","Tunisia","Africa","France","2021",""
"1380","Tunisia","Africa","France","2022",""
"1381","Uganda","Africa","United Kingdom of Great Britain and Northern Ireland","2000","0.1"
"1382","Uganda","Africa","United Kingdom of Great Britain and Northern Ireland","2001","0.1"
"1383","Uganda","Africa","United Kingdom of Great Britain and Northern Ireland","2002","0.1"
"1384","Uganda","Africa","United Kingdom of Great Britain and Northern Ireland","2003",""
"1385","Uganda","Africa","United Kingdom of Great Britain and Northern Ireland","2004",""
"1386","Uganda","Africa","United Kingdom of Great Britain and Northern Ireland","2005",""
"1387","Uganda","Africa","United Kingdom of Great Britain and Northern Ireland","2006",""
"1388","Uganda","Africa","United Kingdom of Great Britain and Northern Ireland","2007",""
"1389","Uganda","Africa","United Kingdom of Great Britain and Northern Ireland","2008",""
"1390","Uganda","Africa","United Kingdom of Great Britain and Northern Ireland","2009",""
"1391","Uganda","Africa","United Kingdom of Great Britain and Northern Ireland","2010",""
"1392","Uganda","Africa","United Kingdom of Great Britain and Northern Ireland","2011",""
"1393","Uganda","Africa","United Kingdom of Great Britain and Northern Ireland","2012",""
"1394","Uganda","Africa","United Kingdom of Great Britain and Northern Ireland","2013",""
"1395","Uganda","Africa","United Kingdom of Great Britain and Northern Ireland","2014",""
"1396","Uganda","Africa","United Kingdom of Great Britain and Northern Ireland","2015",""
"1397","Uganda","Africa","United Kingdom of Great Britain and Northern Ireland","2016",""
"1398","Uganda","Africa","United Kingdom of Great Britain and Northern Ireland","2017",""
"1399","Uganda","Africa","United Kingdom of Great Britain and Northern Ireland","2018",""
"1400","Uganda","Africa","United Kingdom of Great Britain and Northern Ireland","2019",""
"1401","Uganda","Africa","United Kingdom of Great Britain and Northern Ireland","2020",""
"1402","Uganda","Africa","United Kingdom of Great Britain and Northern Ireland","2021",""
"1403","Uganda","Africa","United Kingdom of Great Britain and Northern Ireland","2022",""
"1404","Ukraine","Europe",NA,"2000","3.7"
"1405","Ukraine","Europe",NA,"2001","3.7"
"1406","Ukraine","Europe",NA,"2002","3.7"
"1407","Ukraine","Europe",NA,"2003","3.7"
"1408","Ukraine","Europe",NA,"2004","3.6"
"1409","Ukraine","Europe",NA,"2005","3.6"
"1410","Ukraine","Europe",NA,"2006","3.6"
"1411","Ukraine","Europe",NA,"2007","3.6"
"1412","Ukraine","Europe",NA,"2008","3.6"
"1413","Ukraine","Europe",NA,"2009","3.6"
"1414","Ukraine","Europe",NA,"2010","3.6"
"1415","Ukraine","Europe",NA,"2011","3.6"
"1416","Ukraine","Europe",NA,"2012","3.6"
"1417","Ukraine","Europe",NA,"2013","3.6"
"1418","Ukraine","Europe",NA,"2014","3.6"
"1419","Ukraine","Europe",NA,"2015","3.5"
"1420","Ukraine","Europe",NA,"2016","3.6"
"1421","Ukraine","Europe",NA,"2017","3.6"
"1422","Ukraine","Europe",NA,"2018","3.6"
"1423","Ukraine","Europe",NA,"2019","3.6"
"1424","Ukraine","Europe",NA,"2020","3.6"
"1425","Ukraine","Europe",NA,"2021",""
"1426","Ukraine","Europe",NA,"2022",""
"1427","United Kingdom of Great Britain and Northern Ireland","Europe",NA,"2000","7"
"1428","United Kingdom of Great Britain and Northern Ireland","Europe",NA,"2001","7"
"1429","United Kingdom of Great Britain and Northern Ireland","Europe",NA,"2002","7"
"1430","United Kingdom of Great Britain and Northern Ireland","Europe",NA,"2003","6.9"
"1431","United Kingdom of Great Britain and Northern Ireland","Europe",NA,"2004","6.8"
"1432","United Kingdom of Great Britain and Northern Ireland","Europe",NA,"2005",""
"1433","United Kingdom of Great Britain and Northern Ireland","Europe",NA,"2006",""
"1434","United Kingdom of Great Britain and Northern Ireland","Europe",NA,"2007","6.7"
"1435","United Kingdom of Great Britain and Northern Ireland","Europe",NA,"2008","6.7"
"1436","United Kingdom of Great Britain and Northern Ireland","Europe",NA,"2009","6.7"
"1437","United Kingdom of Great Britain and Northern Ireland","Europe",NA,"2010","6.5"
"1438","United Kingdom of Great Britain and Northern Ireland","Europe",NA,"2011","6.7"
"1439","United Kingdom of Great Britain and Northern Ireland","Europe",NA,"2012","6.5"
"1440","United Kingdom of Great Britain and Northern Ireland","Europe",NA,"2013","6.5"
"1441","United Kingdom of Great Britain and Northern Ireland","Europe",NA,"2014","6.8"
"1442","United Kingdom of Great Britain and Northern Ireland","Europe",NA,"2015","6.7"
"1443","United Kingdom of Great Britain and Northern Ireland","Europe",NA,"2016","6.7"
"1444","United Kingdom of Great Britain and Northern Ireland","Europe",NA,"2017","6.7"
"1445","United Kingdom of Great Britain and Northern Ireland","Europe",NA,"2018","6.7"
"1446","United Kingdom of Great Britain and Northern Ireland","Europe",NA,"2019","6.7"
"1447","United Kingdom of Great Britain and Northern Ireland","Europe",NA,"2020","6.7"
"1448","United Kingdom of Great Britain and Northern Ireland","Europe",NA,"2021",""
"1449","United Kingdom of Great Britain and Northern Ireland","Europe",NA,"2022",""
"1450","United Republic of Tanzania","Africa","United Kingdom of Great Britain and Northern Ireland","2000","0.5"
"1451","United Republic of Tanzania","Africa","United Kingdom of Great Britain and Northern Ireland","2001","0.5"
"1452","United Republic of Tanzania","Africa","United Kingdom of Great Britain and Northern Ireland","2002","0.5"
"1453","United Republic of Tanzania","Africa","United Kingdom of Great Britain and Northern Ireland","2003",""
"1454","United Republic of Tanzania","Africa","United Kingdom of Great Britain and Northern Ireland","2004","0.3"
"1455","United Republic of Tanzania","Africa","United Kingdom of Great Britain and Northern Ireland","2005",""
"1456","United Republic of Tanzania","Africa","United Kingdom of Great Britain and Northern Ireland","2006",""
"1457","United Republic of Tanzania","Africa","United Kingdom of Great Britain and Northern Ireland","2007",""
"1458","United Republic of Tanzania","Africa","United Kingdom of Great Britain and Northern Ireland","2008",""
"1459","United Republic of Tanzania","Africa","United Kingdom of Great Britain and Northern Ireland","2009",""
"1460","United Republic of Tanzania","Africa","United Kingdom of Great Britain and Northern Ireland","2010",""
"1461","United Republic of Tanzania","Africa","United Kingdom of Great Britain and Northern Ireland","2011","0.3"
"1462","United Republic of Tanzania","Africa","United Kingdom of Great Britain and Northern Ireland","2012",""
"1463","United Republic of Tanzania","Africa","United Kingdom of Great Britain and Northern Ireland","2013",""
"1464","United Republic of Tanzania","Africa","United Kingdom of Great Britain and Northern Ireland","2014",""
"1465","United Republic of Tanzania","Africa","United Kingdom of Great Britain and Northern Ireland","2015",""
"1466","United Republic of Tanzania","Africa","United Kingdom of Great Britain and Northern Ireland","2016",""
"1467","United Republic of Tanzania","Africa","United Kingdom of Great Britain and Northern Ireland","2017","0.3"
"1468","United Republic of Tanzania","Africa","United Kingdom of Great Britain and Northern Ireland","2018",""
"1469","United Republic of Tanzania","Africa","United Kingdom of Great Britain and Northern Ireland","2019",""
"1470","United Republic of Tanzania","Africa","United Kingdom of Great Britain and Northern Ireland","2020",""
"1471","United Republic of Tanzania","Africa","United Kingdom of Great Britain and Northern Ireland","2021",""
"1472","United Republic of Tanzania","Africa","United Kingdom of Great Britain and Northern Ireland","2022",""
"1473","Zambia","Africa","United Kingdom of Great Britain and Northern Ireland","2000",""
"1474","Zambia","Africa","United Kingdom of Great Britain and Northern Ireland","2001",""
"1475","Zambia","Africa","United Kingdom of Great Britain and Northern Ireland","2002",""
"1476","Zambia","Africa","United Kingdom of Great Britain and Northern Ireland","2003",""
"1477","Zambia","Africa","United Kingdom of Great Britain and Northern Ireland","2004",""
"1478","Zambia","Africa","United Kingdom of Great Britain and Northern Ireland","2005",""
"1479","Zambia","Africa","United Kingdom of Great Britain and Northern Ireland","2006",""
"1480","Zambia","Africa","United Kingdom of Great Britain and Northern Ireland","2007",""
"1481","Zambia","Africa","United Kingdom of Great Britain and Northern Ireland","2008",""
"1482","Zambia","Africa","United Kingdom of Great Britain and Northern Ireland","2009",""
"1483","Zambia","Africa","United Kingdom of Great Britain and Northern Ireland","2010",""
"1484","Zambia","Africa","United Kingdom of Great Britain and Northern Ireland","2011",""
"1485","Zambia","Africa","United Kingdom of Great Britain and Northern Ireland","2012",""
"1486","Zambia","Africa","United Kingdom of Great Britain and Northern Ireland","2013",""
"1487","Zambia","Africa","United Kingdom of Great Britain and Northern Ireland","2014",""
"1488","Zambia","Africa","United Kingdom of Great Britain and Northern Ireland","2015",""
"1489","Zambia","Africa","United Kingdom of Great Britain and Northern Ireland","2016",""
"1490","Zambia","Africa","United Kingdom of Great Britain and Northern Ireland","2017","0.2"
"1491","Zambia","Africa","United Kingdom of Great Britain and Northern Ireland","2018","0.2"
"1492","Zambia","Africa","United Kingdom of Great Britain and Northern Ireland","2019","0.2"
"1493","Zambia","Africa","United Kingdom of Great Britain and Northern Ireland","2020",""
"1494","Zambia","Africa","United Kingdom of Great Britain and Northern Ireland","2021",""
"1495","Zambia","Africa","United Kingdom of Great Britain and Northern Ireland","2022",""
"1496","Zimbabwe","Africa","United Kingdom of Great Britain and Northern Ireland","2000",""
"1497","Zimbabwe","Africa","United Kingdom of Great Britain and Northern Ireland","2001",""
"1498","Zimbabwe","Africa","United Kingdom of Great Britain and Northern Ireland","2002",""
"1499","Zimbabwe","Africa","United Kingdom of Great Britain and Northern Ireland","2003",""
"1500","Zimbabwe","Africa","United Kingdom of Great Britain and Northern Ireland","2004",""
"1501","Zimbabwe","Africa","United Kingdom of Great Britain and Northern Ireland","2005",""
"1502","Zimbabwe","Africa","United Kingdom of Great Britain and Northern Ireland","2006",""
"1503","Zimbabwe","Africa","United Kingdom of Great Britain and Northern Ireland","2007","0.7"
"1504","Zimbabwe","Africa","United Kingdom of Great Britain and Northern Ireland","2008",""
"1505","Zimbabwe","Africa","United Kingdom of Great Britain and Northern Ireland","2009",""
"1506","Zimbabwe","Africa","United Kingdom of Great Britain and Northern Ireland","2010",""
"1507","Zimbabwe","Africa","United Kingdom of Great Britain and Northern Ireland","2011",""
"1508","Zimbabwe","Africa","United Kingdom of Great Britain and Northern Ireland","2012",""
"1509","Zimbabwe","Africa","United Kingdom of Great Britain and Northern Ireland","2013",""
"1510","Zimbabwe","Africa","United Kingdom of Great Britain and Northern Ireland","2014",""
"1511","Zimbabwe","Africa","United Kingdom of Great Britain and Northern Ireland","2015",""
"1512","Zimbabwe","Africa","United Kingdom of Great Britain and Northern Ireland","2016",""
"1513","Zimbabwe","Africa","United Kingdom of Great Britain and Northern Ireland","2017",""
"1514","Zimbabwe","Africa","United Kingdom of Great Britain and Northern Ireland","2018","0.8"
"1515","Zimbabwe","Africa","United Kingdom of Great Britain and Northern Ireland","2019","0.8"
"1516","Zimbabwe","Africa","United Kingdom of Great Britain and Northern Ireland","2020","0.8"
"1517","Zimbabwe","Africa","United Kingdom of Great Britain and Northern Ireland","2021",""
"1518","Zimbabwe","Africa","United Kingdom of Great Britain and Northern Ireland","2022",""
